,MSE,R2 Score
Linear Regression,3.54825587042389,0.8789444226854977
Decision Tree,5.8246333333333355,0.8012814248574114
